date,hebrew_date,sunrise_time
2025-09-21,כ״ח אלול התשפ״ה,6:26:39
2025-09-22,כ״ט אלול התשפ״ה,6:27:17
2025-09-23,א׳ תשרי התשפ״ו,6:27:50
2025-09-24,ג׳ תשרי התשפ״ו,17:55:59
2025-09-26,ד׳ תשרי התשפ״ו,6:29:32
2025-09-27,ה׳ תשרי התשפ״ו,6:30:04
2025-09-28,ו׳ תשרי התשפ״ו,6:30:38
2025-09-29,ז׳ תשרי התשפ״ו,6:31:16
2025-09-30,ח׳ תשרי התשפ״ו,6:31:59
2025-10-01,ט׳ תשרי התשפ״ו,6:32:29
2025-10-02,י׳ תשרי התשפ״ו,6:33:09
2025-10-03,י״א תשרי התשפ״ו,6:33:51
2025-10-04,י״ב תשרי התשפ״ו,6:34:29
2025-10-05,י״ג תשרי התשפ״ו,6:35:10
2025-10-06,י״ד תשרי התשפ״ו,6:35:48
2025-10-07,ט״ו תשרי התשפ״ו,6:36:26
2025-10-08,ט״ז תשרי התשפ״ו,6:37:11
2025-10-09,י״ז תשרי התשפ״ו,6:37:55
2025-10-10,י״ח תשרי התשפ״ו,6:38:37
2025-10-11,י״ט תשרי התשפ״ו,6:39:15
2025-10-12,כ׳ תשרי התשפ״ו,6:39:58
2025-10-13,כ״א תשרי התשפ״ו,6:40:41
2025-10-14,כ״ב תשרי התשפ״ו,6:41:27
2025-10-15,כ״ג תשרי התשפ״ו,6:42:06
2025-10-16,כ״ד תשרי התשפ״ו,6:42:53
2025-10-17,כ״ה תשרי התשפ״ו,6:43:39
2025-10-18,כ״ו תשרי התשפ״ו,6:44:22
2025-10-19,כ״ז תשרי התשפ״ו,6:45:06
2025-10-20,כ״ח תשרי התשפ״ו,6:45:48
2025-10-21,כ״ט תשרי התשפ״ו,6:46:36
2025-10-22,ל׳ תשרי התשפ״ו,6:47:22
2025-10-23,א׳ מרחשון התשפ״ו,6:48:09
2025-10-24,ב׳ מרחשון התשפ״ו,6:48:54
2025-10-25,ג׳ מרחשון התשפ״ו,6:49:44
2025-10-26,ד׳ מרחשון התשפ״ו,5:50:33
2025-10-27,ה׳ מרחשון התשפ״ו,5:51:18
2025-10-28,ו׳ מרחשון התשפ״ו,5:52:05
2025-10-29,ז׳ מרחשון התשפ״ו,5:52:53
2025-10-30,ח׳ מרחשון התשפ״ו,5:53:40
2025-10-31,ט׳ מרחשון התשפ״ו,5:54:23
2025-11-01,י׳ מרחשון התשפ״ו,5:55:03
2025-11-02,י״א מרחשון התשפ״ו,5:55:51
2025-11-03,י״ב מרחשון התשפ״ו,5:56:35
2025-11-04,י״ג מרחשון התשפ״ו,5:57:14
2025-11-05,י״ד מרחשון התשפ״ו,5:58:06
2025-11-06,ט״ו מרחשון התשפ״ו,5:58:52
2025-11-07,ט״ז מרחשון התשפ״ו,5:59:39
2025-11-08,י״ז מרחשון התשפ״ו,6:00:27
2025-11-09,י״ח מרחשון התשפ״ו,6:01:09
2025-11-10,י״ט מרחשון התשפ״ו,6:02:00
2025-11-11,כ׳ מרחשון התשפ״ו,6:02:45
2025-11-12,כ״א מרחשון התשפ״ו,6:03:45
2025-11-13,כ״ב מרחשון התשפ״ו,6:04:44
2025-11-14,כ״ג מרחשון התשפ״ו,6:05:30
2025-11-15,כ״ד מרחשון התשפ״ו,6:06:18
2025-11-16,כ״ה מרחשון התשפ״ו,6:07:17
2025-11-17,כ״ו מרחשון התשפ״ו,6:08:23
2025-11-18,כ״ז מרחשון התשפ״ו,6:09:14
2025-11-19,כ״ח מרחשון התשפ״ו,6:10:02
2025-11-20,כ״ט מרחשון התשפ״ו,6:10:45
2025-11-21,א׳ כסלו התשפ״ו,6:11:38
2025-11-22,ב׳ כסלו התשפ״ו,6:12:33
2025-11-23,ג׳ כסלו התשפ״ו,6:13:20
2025-11-24,ד׳ כסלו התשפ״ו,6:14:15
2025-11-25,ה׳ כסלו התשפ״ו,6:15:03
2025-11-26,ו׳ כסלו התשפ״ו,6:15:55
2025-11-27,ז׳ כסלו התשפ״ו,6:16:46
2025-11-28,ח׳ כסלו התשפ״ו,6:17:35
2025-11-29,ט׳ כסלו התשפ״ו,6:18:26
2025-11-30,י׳ כסלו התשפ״ו,6:19:17
2025-12-01,י״א כסלו התשפ״ו,6:20:02
2025-12-02,י״ב כסלו התשפ״ו,6:20:47
2025-12-03,י״ג כסלו התשפ״ו,6:21:36
2025-12-04,י״ד כסלו התשפ״ו,6:22:23
2025-12-05,ט״ו כסלו התשפ״ו,6:23:12
2025-12-06,ט״ז כסלו התשפ״ו,6:23:58
2025-12-07,י״ז כסלו התשפ״ו,6:24:43
2025-12-08,י״ח כסלו התשפ״ו,6:25:28
2025-12-09,י״ט כסלו התשפ״ו,6:26:12
2025-12-10,כ׳ כסלו התשפ״ו,6:26:54
2025-12-11,כ״א כסלו התשפ״ו,6:27:39
2025-12-12,כ״ב כסלו התשפ״ו,6:28:23
2025-12-13,כ״ג כסלו התשפ״ו,6:29:05
2025-12-14,כ״ד כסלו התשפ״ו,6:29:45
2025-12-15,כ״ה כסלו התשפ״ו,6:30:24
2025-12-16,כ״ו כסלו התשפ״ו,6:31:03
2025-12-17,כ״ז כסלו התשפ״ו,6:31:39
2025-12-18,כ״ח כסלו התשפ״ו,6:32:14
2025-12-19,כ״ט כסלו התשפ״ו,6:32:48
2025-12-20,ל׳ כסלו התשפ״ו,6:33:19
2025-12-21,א׳ טבת התשפ״ו,6:33:49
2025-12-22,ב׳ טבת התשפ״ו,6:34:19
2025-12-23,ג׳ טבת התשפ״ו,6:34:49
2025-12-24,ד׳ טבת התשפ״ו,6:35:16
2025-12-25,ה׳ טבת התשפ״ו,6:35:42
2025-12-26,ו׳ טבת התשפ״ו,6:36:06
2025-12-27,ז׳ טבת התשפ״ו,6:36:29
2025-12-28,ח׳ טבת התשפ״ו,6:36:49
2025-12-29,ט׳ טבת התשפ״ו,6:37:07
2025-12-30,י׳ טבת התשפ״ו,6:37:23
2025-12-31,י״א טבת התשפ״ו,6:37:39
2026-01-01,י״ב טבת התשפ״ו,6:37:48
2026-01-02,י״ג טבת התשפ״ו,6:37:58
2026-01-03,י״ד טבת התשפ״ו,6:38:12
2026-01-04,ט״ו טבת התשפ״ו,6:38:22
2026-01-05,ט״ז טבת התשפ״ו,6:38:28
2026-01-06,י״ז טבת התשפ״ו,6:38:36
2026-01-07,י״ח טבת התשפ״ו,6:38:40
2026-01-08,י״ט טבת התשפ״ו,6:38:40
2026-01-09,כ׳ טבת התשפ״ו,6:38:42
2026-01-10,כ״א טבת התשפ״ו,6:38:41
2026-01-11,כ״ב טבת התשפ״ו,6:38:41
2026-01-12,כ״ג טבת התשפ״ו,6:38:37
2026-01-13,כ״ד טבת התשפ״ו,6:38:31
2026-01-14,כ״ה טבת התשפ״ו,6:38:23
2026-01-15,כ״ו טבת התשפ״ו,6:38:16
2026-01-16,כ״ז טבת התשפ״ו,6:38:04
2026-01-17,כ״ח טבת התשפ״ו,6:37:52
2026-01-18,כ״ט טבת התשפ״ו,6:37:39
2026-01-19,א׳ שבט התשפ״ו,6:37:26
2026-01-20,ב׳ שבט התשפ״ו,6:37:07
2026-01-21,ג׳ שבט התשפ״ו,6:36:41
2026-01-22,ד׳ שבט התשפ״ו,6:36:32
2026-01-23,ה׳ שבט התשפ״ו,6:36:09
2026-01-24,ו׳ שבט התשפ״ו,6:35:58
2026-01-25,ז׳ שבט התשפ״ו,6:35:16
2026-01-26,ח׳ שבט התשפ״ו,6:34:38
2026-01-27,ט׳ שבט התשפ״ו,6:34:05
2026-01-28,י׳ שבט התשפ״ו,6:33:39
2026-01-29,י״א שבט התשפ״ו,6:33:08
2026-01-30,י״ב שבט התשפ״ו,6:32:29
2026-01-31,י״ג שבט התשפ״ו,6:31:46
2026-02-01,י״ד שבט התשפ״ו,6:31:16
2026-02-02,ט״ו שבט התשפ״ו,6:30:39
2026-02-03,ט״ז שבט התשפ״ו,6:30:06
2026-02-04,י״ז שבט התשפ״ו,6:29:25
2026-02-05,י״ח שבט התשפ״ו,6:28:50
2026-02-06,י״ט שבט התשפ״ו,6:28:09
2026-02-07,כ׳ שבט התשפ״ו,6:27:21
2026-02-08,כ״א שבט התשפ״ו,6:26:42
2026-02-09,כ״ב שבט התשפ״ו,6:26:00
2026-02-10,כ״ג שבט התשפ״ו,6:25:11
2026-02-11,כ״ד שבט התשפ״ו,6:24:27
2026-02-12,כ״ה שבט התשפ״ו,6:23:36
2026-02-13,כ״ו שבט התשפ״ו,6:22:45
2026-02-14,כ״ז שבט התשפ״ו,6:21:50
2026-02-15,כ״ח שבט התשפ״ו,6:20:56
2026-02-16,כ״ט שבט התשפ״ו,6:20:00
2026-02-17,ל׳ שבט התשפ״ו,6:18:57
2026-02-18,א׳ אדר התשפ״ו,6:17:58
2026-02-19,ב׳ אדר התשפ״ו,6:16:58
2026-02-20,ג׳ אדר התשפ״ו,6:15:56
2026-02-21,ד׳ אדר התשפ״ו,6:14:52
2026-02-22,ה׳ אדר התשפ״ו,6:13:48
2026-02-23,ו׳ אדר התשפ״ו,6:12:48
2026-02-24,ז׳ אדר התשפ״ו,6:11:45
2026-02-25,ח׳ אדר התשפ״ו,6:10:34
2026-02-26,ט׳ אדר התשפ״ו,6:09:24
2026-02-27,י׳ אדר התשפ״ו,6:08:19
2026-02-28,י״א אדר התשפ״ו,6:07:10
2026-03-01,י״ב אדר התשפ״ו,6:06:03
2026-03-02,י״ג אדר התשפ״ו,6:04:50
2026-03-03,י״ד אדר התשפ״ו,6:03:43
2026-03-04,ט״ו אדר התשפ״ו,6:02:32
2026-03-05,ט״ז אדר התשפ״ו,6:01:18
2026-03-06,י״ז אדר התשפ״ו,5:59:59
2026-03-07,י״ח אדר התשפ״ו,5:58:48
2026-03-08,י״ט אדר התשפ״ו,5:57:38
2026-03-09,כ׳ אדר התשפ״ו,5:56:24
2026-03-10,כ״א אדר התשפ״ו,5:55:10
2026-03-11,כ״ב אדר התשפ״ו,5:53:55
2026-03-12,כ״ג אדר התשפ״ו,5:52:37
2026-03-13,כ״ד אדר התשפ״ו,5:51:28
2026-03-14,כ״ה אדר התשפ״ו,5:50:10
2026-03-15,כ״ו אדר התשפ״ו,5:48:54
2026-03-16,כ״ז אדר התשפ״ו,5:47:42
2026-03-17,כ״ח אדר התשפ״ו,5:46:32
2026-03-18,כ״ט אדר התשפ״ו,5:45:18
2026-03-19,א׳ ניסן התשפ״ו,5:44:02
2026-03-20,ב׳ ניסן התשפ״ו,5:42:52
2026-03-21,ג׳ ניסן התשפ״ו,5:41:40
2026-03-22,ד׳ ניסן התשפ״ו,5:40:23
2026-03-23,ה׳ ניסן התשפ״ו,5:39:05
2026-03-24,ו׳ ניסן התשפ״ו,5:37:54
2026-03-25,ז׳ ניסן התשפ״ו,5:36:39
2026-03-26,ח׳ ניסן התשפ״ו,5:35:27
2026-03-27,ט׳ ניסן התשפ״ו,6:34:09
2026-03-28,י׳ ניסן התשפ״ו,6:32:45
2026-03-29,י״א ניסן התשפ״ו,6:31:23
2026-03-30,י״ב ניסן התשפ״ו,6:30:06
2026-03-31,י״ג ניסן התשפ״ו,6:28:54
2026-04-01,י״ד ניסן התשפ״ו,6:27:44
2026-04-02,ט״ו ניסן התשפ״ו,6:26:33
2026-04-03,ט״ז ניסן התשפ״ו,6:25:20
2026-04-04,י״ז ניסן התשפ״ו,6:24:07
2026-04-05,י״ח ניסן התשפ״ו,6:22:55
2026-04-06,י״ט ניסן התשפ״ו,6:21:39
2026-04-07,כ׳ ניסן התשפ״ו,6:20:27
2026-04-08,כ״א ניסן התשפ״ו,6:19:10
2026-04-09,כ״ב ניסן התשפ״ו,6:18:03
2026-04-10,כ״ג ניסן התשפ״ו,6:16:50
2026-04-11,כ״ד ניסן התשפ״ו,6:15:36
2026-04-12,כ״ה ניסן התשפ״ו,6:14:22
2026-04-13,כ״ו ניסן התשפ״ו,6:13:07
2026-04-14,כ״ז ניסן התשפ״ו,6:11:59
2026-04-15,כ״ח ניסן התשפ״ו,6:10:56
2026-04-16,כ״ט ניסן התשפ״ו,6:09:44
2026-04-17,ל׳ ניסן התשפ״ו,6:08:42
2026-04-18,א׳ אייר התשפ״ו,6:07:29
2026-04-19,ב׳ אייר התשפ״ו,6:06:12
2026-04-20,ג׳ אייר התשפ״ו,6:04:56
2026-04-21,ד׳ אייר התשפ״ו,6:03:54
2026-04-22,ה׳ אייר התשפ״ו,6:02:54
2026-04-23,ו׳ אייר התשפ״ו,6:01:43
2026-04-24,ז׳ אייר התשפ״ו,6:00:42
2026-04-25,ח׳ אייר התשפ״ו,5:59:44
2026-04-26,ט׳ אייר התשפ״ו,5:58:49
2026-04-27,י׳ אייר התשפ״ו,5:57:47
2026-04-28,י״א אייר התשפ״ו,5:56:46
2026-04-29,י״ב אייר התשפ״ו,5:55:48
2026-04-30,י״ג אייר התשפ״ו,5:54:52
2026-05-01,י״ד אייר התשפ״ו,5:53:57
2026-05-02,ט״ו אייר התשפ״ו,5:53:04
2026-05-03,ט״ז אייר התשפ״ו,5:52:12
2026-05-04,י״ז אייר התשפ״ו,5:51:20
2026-05-05,י״ח אייר התשפ״ו,5:50:34
2026-05-06,י״ט אייר התשפ״ו,5:49:39
2026-05-07,כ׳ אייר התשפ״ו,5:48:53
2026-05-08,כ״א אייר התשפ״ו,5:48:00
2026-05-09,כ״ב אייר התשפ״ו,5:47:18
2026-05-10,כ״ג אייר התשפ״ו,5:46:37
2026-05-11,כ״ד אייר התשפ״ו,5:45:52
2026-05-12,כ״ה אייר התשפ״ו,5:45:09
2026-05-13,כ״ו אייר התשפ״ו,5:44:24
2026-05-14,כ״ז אייר התשפ״ו,5:43:44
2026-05-15,כ״ח אייר התשפ״ו,5:43:07
2026-05-16,כ״ט אייר התשפ״ו,5:42:29
2026-05-17,א׳ סיון התשפ״ו,5:41:51
2026-05-18,ב׳ סיון התשפ״ו,5:41:16
2026-05-19,ג׳ סיון התשפ״ו,5:40:40
2026-05-20,ד׳ סיון התשפ״ו,5:39:45
2026-05-21,ה׳ סיון התשפ״ו,5:39:03
2026-05-22,ו׳ סיון התשפ״ו,5:38:33
2026-05-23,ז׳ סיון התשפ״ו,5:38:03
2026-05-24,ח׳ סיון התשפ״ו,5:37:30
2026-05-25,ט׳ סיון התשפ״ו,5:36:59
2026-05-26,י׳ סיון התשפ״ו,5:36:35
2026-05-27,י״א סיון התשפ״ו,5:36:14
2026-05-28,י״ב סיון התשפ״ו,5:35:48
2026-05-29,י״ג סיון התשפ״ו,5:35:09
2026-05-30,י״ד סיון התשפ״ו,5:34:50
2026-05-31,ט״ו סיון התשפ״ו,5:34:39
2026-06-01,ט״ז סיון התשפ״ו,5:34:23
2026-06-02,י״ז סיון התשפ״ו,5:34:07
2026-06-03,י״ח סיון התשפ״ו,5:33:58
2026-06-04,י״ט סיון התשפ״ו,5:33:50
2026-06-05,כ׳ סיון התשפ״ו,5:33:40
2026-06-06,כ״א סיון התשפ״ו,5:33:30
2026-06-07,כ״ב סיון התשפ״ו,5:33:22
2026-06-08,כ״ג סיון התשפ״ו,5:33:17
2026-06-09,כ״ד סיון התשפ״ו,5:33:16
2026-06-10,כ״ה סיון התשפ״ו,5:33:20
2026-06-11,כ״ו סיון התשפ״ו,5:33:19
2026-06-12,כ״ז סיון התשפ״ו,5:33:22
2026-06-13,כ״ח סיון התשפ״ו,5:33:26
2026-06-14,כ״ט סיון התשפ״ו,5:33:29
2026-06-15,ל׳ סיון התשפ״ו,5:33:33
2026-06-16,א׳ תמוז התשפ״ו,5:33:38
2026-06-17,ב׳ תמוז התשפ״ו,5:33:46
2026-06-18,ג׳ תמוז התשפ״ו,5:33:54
2026-06-19,ד׳ תמוז התשפ״ו,5:34:04
2026-06-20,ה׳ תמוז התשפ״ו,5:34:15
2026-06-21,ו׳ תמוז התשפ״ו,5:34:27
2026-06-22,ז׳ תמוז התשפ״ו,5:34:40
2026-06-23,ח׳ תמוז התשפ״ו,5:34:55
2026-06-24,ט׳ תמוז התשפ״ו,5:35:11
2026-06-25,י׳ תמוז התשפ״ו,5:35:28
2026-06-26,י״א תמוז התשפ״ו,5:35:45
2026-06-27,י״ב תמוז התשפ״ו,5:36:05
2026-06-28,י״ג תמוז התשפ״ו,5:36:25
2026-06-29,י״ד תמוז התשפ״ו,5:36:47
2026-06-30,ט״ו תמוז התשפ״ו,5:37:06
2026-07-01,ט״ז תמוז התשפ״ו,5:37:28
2026-07-02,י״ז תמוז התשפ״ו,5:37:53
2026-07-03,י״ח תמוז התשפ״ו,5:38:17
2026-07-04,י״ט תמוז התשפ״ו,5:38:36
2026-07-05,כ׳ תמוז התשפ״ו,5:39:00
2026-07-06,כ״א תמוז התשפ״ו,5:39:28
2026-07-07,כ״ב תמוז התשפ״ו,5:39:58
2026-07-08,כ״ג תמוז התשפ״ו,5:40:27
2026-07-09,כ״ד תמוז התשפ״ו,5:40:58
2026-07-10,כ״ה תמוז התשפ״ו,5:41:22
2026-07-11,כ״ו תמוז התשפ״ו,5:41:52
2026-07-12,כ״ז תמוז התשפ״ו,5:42:28
2026-07-13,כ״ח תמוז התשפ״ו,5:42:59
2026-07-14,כ״ט תמוז התשפ״ו,5:43:28
2026-07-15,א׳ אב התשפ״ו,5:44:12
2026-07-16,ב׳ אב התשפ״ו,5:44:55
2026-07-17,ג׳ אב התשפ״ו,5:45:34
2026-07-18,ד׳ אב התשפ״ו,5:46:05
2026-07-19,ה׳ אב התשפ״ו,5:46:44
2026-07-20,ו׳ אב התשפ״ו,5:47:26
2026-07-21,ז׳ אב התשפ״ו,5:48:05
2026-07-22,ח׳ אב התשפ״ו,5:48:42
2026-07-23,ט׳ אב התשפ״ו,5:49:17
2026-07-24,י׳ אב התשפ״ו,5:50:16
2026-07-25,י״א אב התשפ״ו,5:51:04
2026-07-26,י״ב אב התשפ״ו,5:51:42
2026-07-27,י״ג אב התשפ״ו,5:52:19
2026-07-28,י״ד אב התשפ״ו,5:53:00
2026-07-29,ט״ו אב התשפ״ו,5:53:32
2026-07-30,ט״ז אב התשפ״ו,5:54:11
2026-07-31,י״ז אב התשפ״ו,5:54:49
2026-08-01,י״ח אב התשפ״ו,5:55:29
2026-08-02,י״ט אב התשפ״ו,5:56:06
2026-08-03,כ׳ אב התשפ״ו,5:56:45
2026-08-04,כ״א אב התשפ״ו,5:57:16
2026-08-05,כ״ב אב התשפ״ו,5:57:51
2026-08-06,כ״ג אב התשפ״ו,5:58:32
2026-08-07,כ״ד אב התשפ״ו,5:59:07
2026-08-08,כ״ה אב התשפ״ו,5:59:46
2026-08-09,כ״ו אב התשפ״ו,6:00:23
2026-08-10,כ״ז אב התשפ״ו,6:00:58
2026-08-11,כ״ח אב התשפ״ו,6:01:34
2026-08-12,כ״ט אב התשפ״ו,6:02:13
2026-08-13,ל׳ אב התשפ״ו,6:02:51
2026-08-14,א׳ אלול התשפ״ו,6:03:26
2026-08-15,ב׳ אלול התשפ״ו,6:04:07
2026-08-16,ג׳ אלול התשפ״ו,6:04:44
2026-08-17,ד׳ אלול התשפ״ו,6:05:21
2026-08-18,ה׳ אלול התשפ״ו,6:05:53
2026-08-19,ו׳ אלול התשפ״ו,6:06:28
2026-08-20,ז׳ אלול התשפ״ו,6:07:06
2026-08-21,ח׳ אלול התשפ״ו,6:07:43
2026-08-22,ט׳ אלול התשפ״ו,6:08:20
2026-08-23,י׳ אלול התשפ״ו,6:08:55
2026-08-24,י״א אלול התשפ״ו,6:09:42
2026-08-25,י״ב אלול התשפ״ו,6:10:27
2026-08-26,י״ג אלול התשפ״ו,6:11:09
2026-08-27,י״ד אלול התשפ״ו,6:11:40
2026-08-28,ט״ו אלול התשפ״ו,6:12:19
2026-08-29,ט״ז אלול התשפ״ו,6:12:48
2026-08-30,י״ז אלול התשפ״ו,6:13:23
2026-08-31,י״ח אלול התשפ״ו,6:14:03
2026-09-01,י״ט אלול התשפ״ו,6:14:41
2026-09-02,כ׳ אלול התשפ״ו,6:15:19
2026-09-03,כ״א אלול התשפ״ו,6:15:56
2026-09-04,כ״ב אלול התשפ״ו,6:16:26
2026-09-05,כ״ג אלול התשפ״ו,6:17:06
2026-09-06,כ״ד אלול התשפ״ו,6:17:40
2026-09-07,כ״ה אלול התשפ״ו,6:18:18
2026-09-08,כ״ו אלול התשפ״ו,6:18:51
2026-09-09,כ״ז אלול התשפ״ו,6:19:24
2026-09-10,כ״ח אלול התשפ״ו,6:19:58
2026-09-11,כ״ט אלול התשפ״ו,6:20:30
2026-09-12,א׳ תשרי התשפ״ז,6:21:05
2026-09-13,ב׳ תשרי התשפ״ז,6:21:36
2026-09-14,ג׳ תשרי התשפ״ז,6:22:13
2026-09-15,ד׳ תשרי התשפ״ז,6:22:51
2026-09-16,ה׳ תשרי התשפ״ז,6:23:38
2026-09-17,ו׳ תשרי התשפ״ז,6:24:15
2026-09-18,ז׳ תשרי התשפ״ז,6:24:49
2026-09-19,ח׳ תשרי התשפ״ז,6:25:23
2026-09-20,ט׳ תשרי התשפ״ז,6:25:55
2026-09-21,י׳ תשרי התשפ״ז,6:26:32
2026-09-22,י״א תשרי התשפ״ז,6:27:08
2026-09-23,י״ב תשרי התשפ״ז,6:27:41
2026-09-24,י״ג תשרי התשפ״ז,6:28:14
2026-09-25,י״ד תשרי התשפ״ז,6:28:46
2026-09-26,ט״ו תשרי התשפ״ז,6:29:24
2026-09-27,ט״ז תשרי התשפ״ז,6:29:56
2026-09-28,י״ז תשרי התשפ״ז,6:30:28
2026-09-29,י״ח תשרי התשפ״ז,6:31:06
2026-09-30,י״ט תשרי התשפ״ז,6:31:48
2026-10-01,כ׳ תשרי התשפ״ז,6:32:21
2026-10-02,כ״א תשרי התשפ״ז,6:32:59
2026-10-03,כ״ב תשרי התשפ״ז,6:33:41
2026-10-04,כ״ג תשרי התשפ״ז,6:34:18
2026-10-05,כ״ד תשרי התשפ״ז,6:35:00
2026-10-06,כ״ה תשרי התשפ״ז,6:35:38
2026-10-07,כ״ו תשרי התשפ״ז,6:36:15
2026-10-08,כ״ז תשרי התשפ״ז,6:37:01
2026-10-09,כ״ח תשרי התשפ״ז,6:37:44
2026-10-10,כ״ט תשרי התשפ״ז,6:38:28
2026-10-11,ל׳ תשרי התשפ״ז,6:39:08
2026-10-12,א׳ מרחשון התשפ״ז,6:39:48
2026-10-13,ב׳ מרחשון התשפ״ז,6:40:31
2026-10-14,ג׳ מרחשון התשפ״ז,6:41:16
2026-10-15,ד׳ מרחשון התשפ״ז,6:41:58
2026-10-16,ה׳ מרחשון התשפ״ז,6:42:42
2026-10-17,ו׳ מרחשון התשפ״ז,6:43:27
2026-10-18,ז׳ מרחשון התשפ״ז,6:44:13
2026-10-19,ח׳ מרחשון התשפ״ז,6:44:58
2026-10-20,ט׳ מרחשון התשפ״ז,6:45:38
2026-10-21,י׳ מרחשון התשפ״ז,6:46:24
2026-10-22,י״א מרחשון התשפ״ז,6:47:11
2026-10-23,י״ב מרחשון התשפ״ז,6:47:58
2026-10-24,י״ג מרחשון התשפ״ז,6:48:44
2026-10-25,י״ד מרחשון התשפ״ז,5:49:31
2026-10-26,ט״ו מרחשון התשפ״ז,5:50:21
2026-10-27,ט״ז מרחשון התשפ״ז,5:51:06
2026-10-28,י״ז מרחשון התשפ״ז,5:51:52
2026-10-29,י״ח מרחשון התשפ״ז,5:52:41
2026-10-30,י״ט מרחשון התשפ״ז,5:53:27
2026-10-31,כ׳ מרחשון התשפ״ז,5:54:11
